CREATE TABLE STAFF (
    NAMES VARCHAR(20),
    MOB_NO BIGINT,
    SALARY INT,
    STAFF_ID INT PRIMARY KEY,
    EXPERIENCE INT,
    LOGIN_ID INT,
    PASSWORDS VARCHAR(20)
);
INSERT INTO STAFF VALUES('Sandeep', 8949518631, 21000, 101, 2, 101,
'gym@sandeep');
INSERT INTO STAFF VALUES('Jitendra', 8306963032, 31000, 102, 3, 102,
'gym@jitendra');
INSERT INTO STAFF VALUES('Amit', 7374988679, 10000, 103, 2, 103,
'gym@amit');
INSERT INTO STAFF VALUES('Rahul', 7042129018, 32000, 104, 3, 104,
'gym@rahul');
INSERT INTO STAFF VALUES('Harish', 8290423938, 43000, 105, 2, 105,
'gym@harish');

CREATE TABLE DIET_PLAN (
    DIET_ID INT PRIMARY KEY,
    DESCRIPTIONS VARCHAR(20)
);
INSERT INTO DIET_PLAN VALUES (202, 'CARBOHYDRATES RICH');
INSERT INTO DIET_PLAN VALUES (201, 'PROTEINS RICH');
INSERT INTO DIET_PLAN VALUES (204, 'FATS RICH');
INSERT INTO DIET_PLAN VALUES (205, 'PROTEINS RICH');
INSERT INTO DIET_PLAN VALUES (203, 'FIBRE RICH');

CREATE TABLE MEMBERSHIP_TYPE (
    NAMES VARCHAR(20),
    TYPE_ID INT PRIMARY KEY,
    MEMBERSHIP_PERIOD INT,
    AMMOUNT INT
);
INSERT INTO MEMBERSHIP_TYPE VALUES ('HULK', 502, 2, 2000);
INSERT INTO MEMBERSHIP_TYPE VALUES ('THOR', 501, 1, 1000);
INSERT INTO MEMBERSHIP_TYPE VALUES ('IRONMAN',503, 3, 3000);
INSERT INTO MEMBERSHIP_TYPE VALUES ('HULLE', 505, 2, 2000);
INSERT INTO MEMBERSHIP_TYPE VALUES ('IRONMAN',504, 4, 4000);

CREATE TABLE MEMBER (
    MEMBER_ID INT PRIMARY KEY,
    NAMES VARCHAR(20),
    AGE INT,
    CONTACT BIGINT,
    GENDER VARCHAR(1),
    JOINING_DATE DATE,
    STAFF_ID INT,
    DIET_ID INT,
    TYPE_ID INT,
    FOREIGN KEY (TYPE_ID)
        REFERENCES MEMBERSHIP_TYPE (TYPE_ID),
    FOREIGN KEY (STAFF_ID)
        REFERENCES STAFF (STAFF_ID),
    FOREIGN KEY (DIET_ID)
        REFERENCES DIET_PLAN (DIET_ID)
);
INSERT INTO MEMBER VALUES(1 , 'TODD' , 18 , 4785961582 , 'M' , '1-02-21' , 101
, 201 , 501);
INSERT INTO MEMBER VALUES(2 , 'SARA' , 19 , 1234567891 , 'F' , '2-02-21' , 102
, 202 , 502);
INSERT INTO MEMBER VALUES(3 , 'BEN' , 18 , 4128975634 , 'M' , '1-02-21' ,
103 , 203 , 503);
INSERT INTO MEMBER VALUES(4 , 'MARY' , 17 , 9987456321 , 'F' , '8-02-21' , 104 ,
204 , 504);
INSERT INTO MEMBER VALUES(5 , 'TOM' , 16 , 9875648925 , 'M' , '2-02-21' , 105 ,
205 , 505);
INSERT INTO MEMBER VALUES(6 , 'PAM' , 17 , 8764587459 , 'F' , '1-02-21' , 101
, 201 , 501);
INSERT INTO MEMBER VALUES(7 , 'MARK' , 18 , 4785545491 , 'M' , '4-02-21' , 102
, 202 , 502);
INSERT INTO MEMBER VALUES(8 , 'RON' , 19 , 9589224722 , 'M' , '2-02-21' , 103 ,
203 , 503);

CREATE TABLE PAYMENT (
    AMMOUNT INT,
    PAYMENT_ID INT PRIMARY KEY,
    MODE_OF_PAYMENT VARCHAR(20),
    STAFF_ID INT,
    MEMBER_ID INT,
    FOREIGN KEY (STAFF_ID)
        REFERENCES STAFF (STAFF_ID),
    FOREIGN KEY (MEMBER_ID)
        REFERENCES MEMBER (MEMBER_ID)
);

INSERT INTO PAYMENT VALUES(4000,23564132, 'DEBIT CARD', 104,1);
INSERT INTO PAYMENT VALUES(2000,23564134, 'PAYTM', 102,3);
INSERT INTO PAYMENT VALUES(3000,23564131, 'GPAY', 105,6);
INSERT INTO PAYMENT VALUES(5000,23564135, 'DEBIT CARD', 103,2);
INSERT INTO PAYMENT VALUES(1000,23564136, 'PHONE PE', 101,7);

CREATE TABLE INSTRUCTOR (
    INSTRUCTOR_ID INT PRIMARY KEY,
    CONTACT BIGINT,
    SALARY INT,
    ADDRESS VARCHAR(20),
    NAMES VARCHAR(200),
    STAFF_ID INT,
    FOREIGN KEY (STAFF_ID)
        REFERENCES STAFF (STAFF_ID)
);

INSERT INTO INSTRUCTOR VALUES(1001, 9536756324, 10000, 'Warangal',
'Rohit',101);

INSERT INTO INSTRUCTOR VALUES(1002, 8536756324, 14000, 'Jaipur',
'Vivek',103);
INSERT INTO INSTRUCTOR VALUES(1003, 9787563672, 13000, 'Jaipur',
'Arjun',102);
INSERT INTO INSTRUCTOR VALUES(1004, 9747587438, 20000, 'Nadbai',
'Johny',103);

CREATE TABLE EQUIPMENT (
    E_NAME VARCHAR(20),
    E_USED_FOR VARCHAR(20),
    E_MODELNO INT PRIMARY KEY,
    INSTRUCTOR_ID INT,
    FOREIGN KEY (INSTRUCTOR_ID)
        REFERENCES INSTRUCTOR (INSTRUCTOR_ID)
);

INSERT INTO EQUIPMENT VALUES('Trademill', 'Legs', 401,1003);
INSERT INTO EQUIPMENT VALUES('ChestPress', 'Chest', 402,1002);
INSERT INTO EQUIPMENT VALUES('LegPress', 'Legs', 403,1001);
INSERT INTO EQUIPMENT VALUES('ShoulderPress','Shoulder',404,1001);
INSERT INTO EQUIPMENT VALUES('Rod', 'Biceps', 405,1003);

CREATE TABLE USES (
    MEMBER_ID INT,
    E_MODELNO INT,
    FOREIGN KEY (MEMBER_ID)
        REFERENCES MEMBER (MEMBER_ID),
    FOREIGN KEY (E_MODELNO)
        REFERENCES EQUIPMENT (E_MODELNO)
);
INSERT INTO USES VALUES(2,404);
INSERT INTO USES VALUES(3,402);
INSERT INTO USES VALUES(1,403);
INSERT INTO USES VALUES(4,405);
INSERT INTO USES VALUES(5,401);
SELECT * FROM STAFF;
SELECT * FROM PAYMENT;
SELECT * FROM MEMBER;
SELECT * FROM MEMBERSHIP_TYPE;
SELECT * FROM DIET_PLAN;
SELECT * FROM INSTRUCTOR;
SELECT * FROM EQUIPMENT;
SELECT * FROM USES;